1,tellus nulla ut erat id mauris,4,2021-12-30
2,leo rhoncus sed vestibulum sit,1,2022-03-05
3,enim sit amet nunc viverra,3,2022-07-23
4,fringilla rhoncus mauris enim leo,3,2021-12-10
5,eget tincidunt eget tempus vel,2,2022-07-09
6,lobortis est phasellus sit amet,7,2022-08-12
7,ut mauris eget massa tempor,1,2022-02-11
8,ultrices posuere cubilia curae donec pharetra,4,2022-01-19
9,eu interdum eu tincidunt in,2,2021-11-04
10,velit vivamus vel nulla eget,4,2022-03-07
11,nunc vestibulum ante ipsum primis,5,2022-06-18
12,massa donec dapibus duis at velit,6,2022-01-30
13,viverra eget congue eget semper,5,2022-06-17
14,nisl venenatis lacinia aenean sit amet,1,2022-04-02
15,etiam faucibus cursus urna ut tellus,7,2022-06-13
16,sapien cum sociis natoque penatibus et,7,2022-09-30
17,arcu sed augue aliquam erat volutpat,7,2022-03-14
18,dolor vel est donec odio,6,2022-09-15
19,sed nisl nunc rhoncus dui,5,2022-02-09
20,at ipsum ac tellus semper,7,2022-10-11
21,sit amet turpis elementum ligula,1,2022-06-21
22,luctus ultricies eu nibh quisque,6,2022-04-18
23,luctus nec molestie sed justo,1,2022-08-27
24,aenean auctor gravida sem praesent id,3,2022-02-19
25,eget rutrum at lorem integer,2,2022-07-06
26,viverra eget congue eget semper,1,2021-11-23
27,in lacus curabitur at ipsum,3,2022-01-09
28,vestibulum rutrum rutrum neque aenean auctor,1,2022-08-02
29,varius nulla facilisi cras non,6,2022-09-13
30,leo odio porttitor id consequat in,7,2022-07-28
31,volutpat eleifend donec ut dolor,6,2021-11-17
32,leo pellentesque ultrices mattis odio,2,2022-04-05
33,hac habitasse platea dictumst maecenas ut,1,2022-01-26
34,nulla sed accumsan felis ut,7,2022-02-22
35,mauris ullamcorper purus sit amet nulla,6,2022-04-01
36,semper rutrum nulla nunc purus,5,2022-08-11
37,eget tincidunt eget tempus vel,4,2022-10-27
38,vel lectus in quam fringilla,1,2022-06-12
39,vulputate luctus cum sociis natoque penatibus,1,2022-07-08
40,semper interdum mauris ullamcorper purus sit,5,2022-04-09
41,congue eget semper rutrum nulla nunc,1,2022-06-01
42,nec dui luctus rutrum nulla tellus,3,2022-09-27
43,ante ipsum primis in faucibus orci,4,2022-10-29
44,libero nullam sit amet turpis,6,2022-08-17
45,nulla eget eros elementum pellentesque,6,2022-07-17
46,sodales sed tincidunt eu felis,4,2022-06-23
47,nulla ut erat id mauris vulputate,5,2022-02-27
48,faucibus orci luctus et ultrices,3,2022-07-08
49,nonummy maecenas tincidunt lacus at velit,2,2021-11-13
50,eros vestibulum ac est lacinia,6,2022-06-14
51,morbi non lectus aliquam sit amet,2,2022-07-06
52,nec dui luctus rutrum nulla tellus,1,2022-08-02
53,sit amet justo morbi ut odio,4,2022-10-07
54,tempus vivamus in felis eu,7,2022-09-21
55,in lectus pellentesque at nulla,4,2022-03-28
56,praesent id massa id nisl,3,2021-12-12
57,mi sit amet lobortis sapien,2,2022-08-21
58,convallis nunc proin at turpis a,7,2022-08-30
59,nec sem duis aliquam convallis,5,2022-07-08
60,vestibulum ante ipsum primis in,4,2021-11-04
61,praesent lectus vestibulum quam sapien,4,2022-04-14
62,etiam pretium iaculis justo in hac,3,2022-04-22
63,ac leo pellentesque ultrices mattis,7,2022-06-08
64,felis donec semper sapien a,1,2022-07-13
65,nisl nunc rhoncus dui vel,1,2022-04-05
66,in lacus curabitur at ipsum ac,7,2022-06-25
67,magna ac consequat metus sapien,6,2022-07-23
68,dolor sit amet consectetuer adipiscing,3,2022-02-25
69,justo etiam pretium iaculis justo in,4,2022-10-28
70,volutpat quam pede lobortis ligula sit,2,2021-12-31
71,ac nibh fusce lacus purus,3,2022-06-14
72,cras in purus eu magna,1,2022-02-14
73,mauris lacinia sapien quis libero,7,2022-10-17
74,orci nullam molestie nibh in,6,2022-03-22
75,mattis egestas metus aenean fermentum,6,2022-10-31
76,sit amet nulla quisque arcu libero,5,2021-12-05
77,risus dapibus augue vel accumsan,3,2022-07-19
78,duis aliquam convallis nunc proin,7,2022-01-30
79,felis ut at dolor quis odio,6,2022-02-12
80,donec dapibus duis at velit,3,2022-06-04
81,hac habitasse platea dictumst morbi vestibulum,5,2021-12-18
82,nec condimentum neque sapien placerat ante,3,2022-10-05
83,id nisl venenatis lacinia aenean sit,7,2022-09-16
84,felis sed lacus morbi sem mauris,3,2022-09-02
85,dolor morbi vel lectus in,6,2022-06-08
86,donec dapibus duis at velit,3,2022-05-23
87,enim blandit mi in porttitor,6,2022-04-22
88,amet nulla quisque arcu libero rutrum,7,2022-05-02
89,mauris laoreet ut rhoncus aliquet,6,2022-08-28
90,eget congue eget semper rutrum,4,2021-11-03
91,nibh fusce lacus purus aliquet,6,2021-12-08
92,nibh in quis justo maecenas,2,2022-04-10
93,amet erat nulla tempus vivamus in,2,2022-09-08
94,vehicula condimentum curabitur in libero,4,2022-09-29
95,non mi integer ac neque duis,6,2022-06-14
96,mauris lacinia sapien quis libero,3,2022-10-07
97,ultrices mattis odio donec vitae,4,2022-05-11
98,lorem quisque ut erat curabitur gravida,4,2022-01-23
99,nibh in hac habitasse platea dictumst,6,2022-06-29
100,pellentesque quisque porta volutpat erat quisque,5,2022-07-27
101,mus vivamus vestibulum sagittis sapien cum,7,2022-10-28
102,id mauris vulputate elementum nullam varius,1,2021-11-24
103,viverra dapibus nulla suscipit ligula,3,2022-06-30
104,nulla neque libero convallis eget eleifend,7,2022-03-10
105,congue eget semper rutrum nulla,2,2022-02-01
106,risus semper porta volutpat quam,6,2022-10-29
107,cursus id turpis integer aliquet,5,2022-09-07
108,integer pede justo lacinia eget tincidunt,3,2022-06-01
109,potenti nullam porttitor lacus at,7,2022-08-28
110,eu interdum eu tincidunt in,3,2022-07-31
111,quam a odio in hac,7,2022-07-29
112,nisl venenatis lacinia aenean sit amet,4,2022-09-10
113,ut erat id mauris vulputate elementum,6,2022-06-09
114,proin interdum mauris non ligula,6,2021-12-22
115,etiam justo etiam pretium iaculis,6,2022-02-22
116,quam pharetra magna ac consequat metus,6,2021-11-24
117,nullam varius nulla facilisi cras non,1,2022-01-31
118,morbi ut odio cras mi pede,5,2022-08-05
119,convallis morbi odio odio elementum,6,2021-11-07
120,in quam fringilla rhoncus mauris enim,6,2021-11-30
121,mi nulla ac enim in,4,2022-01-07
122,sem praesent id massa id,2,2022-07-28
123,nulla facilisi cras non velit,1,2021-11-16
124,congue risus semper porta volutpat quam,4,2021-12-24
125,at velit vivamus vel nulla,7,2022-03-02
126,augue vel accumsan tellus nisi,6,2021-11-22
127,platea dictumst aliquam augue quam,6,2022-10-09
128,potenti nullam porttitor lacus at turpis,1,2022-05-14
129,donec semper sapien a libero nam,7,2022-07-13
130,nibh quisque id justo sit,6,2022-01-19
131,vulputate justo in blandit ultrices,3,2022-09-01
132,nam ultrices libero non mattis pulvinar,2,2022-02-19
133,ultrices posuere cubilia curae mauris,3,2022-10-23
134,blandit nam nulla integer pede,6,2022-01-24
135,tellus nisi eu orci mauris lacinia,5,2022-08-29
136,quis orci nullam molestie nibh in,6,2021-11-19
137,purus aliquet at feugiat non,1,2022-09-22
138,sem praesent id massa id,5,2022-03-24
139,lobortis vel dapibus at diam,2,2022-04-15
140,facilisi cras non velit nec nisi,2,2022-05-24
141,vivamus in felis eu sapien,2,2022-03-01
142,orci eget orci vehicula condimentum,1,2022-05-02
143,a pede posuere nonummy integer,5,2022-07-09
144,ut tellus nulla ut erat,7,2022-01-13
145,a suscipit nulla elit ac nulla,6,2021-11-17
146,natoque penatibus et magnis dis parturient,3,2022-04-19
147,odio curabitur convallis duis consequat,1,2022-01-14
148,sed vel enim sit amet,2,2022-10-18
149,erat fermentum justo nec condimentum,2,2022-01-05
150,sed sagittis nam congue risus,2,2021-12-24
151,morbi ut odio cras mi pede,3,2021-11-11
152,aliquet ultrices erat tortor sollicitudin mi,5,2021-11-26
153,pretium iaculis diam erat fermentum justo,4,2021-12-23
154,eleifend pede libero quis orci,6,2021-12-08
155,in tempus sit amet sem fusce,6,2022-03-19
156,et commodo vulputate justo in,2,2022-10-05
157,vitae consectetuer eget rutrum at,1,2022-10-25
158,tincidunt nulla mollis molestie lorem quisque,5,2022-07-07
159,quam sollicitudin vitae consectetuer eget,2,2022-05-02
160,cursus urna ut tellus nulla ut,2,2022-09-09
161,magna vulputate luctus cum sociis natoque,5,2022-03-30
162,semper rutrum nulla nunc purus,3,2022-07-14
163,faucibus cursus urna ut tellus,3,2022-01-15
164,quam sollicitudin vitae consectetuer eget rutrum,2,2022-10-12
165,nisl ut volutpat sapien arcu sed,3,2022-04-27
166,in sapien iaculis congue vivamus metus,7,2022-10-16
167,curabitur at ipsum ac tellus semper,3,2022-08-04
168,orci vehicula condimentum curabitur in,1,2022-08-16
169,accumsan odio curabitur convallis duis,2,2022-02-12
170,odio cras mi pede malesuada in,2,2022-09-21
171,leo odio condimentum id luctus nec,6,2022-10-14
172,semper rutrum nulla nunc purus,6,2022-05-24
173,pede malesuada in imperdiet et commodo,1,2022-06-18
174,etiam justo etiam pretium iaculis justo,3,2022-06-23
175,eu sapien cursus vestibulum proin eu,5,2022-05-12
176,nisi venenatis tristique fusce congue diam,3,2022-10-11
177,magna bibendum imperdiet nullam orci pede,4,2022-08-11
178,congue diam id ornare imperdiet,6,2022-04-07
179,ac nulla sed vel enim sit,4,2022-05-26
180,nunc viverra dapibus nulla suscipit ligula,7,2022-04-10
181,vitae nisi nam ultrices libero,4,2021-12-18
182,fusce posuere felis sed lacus,7,2022-02-04
183,sit amet cursus id turpis integer,6,2022-07-23
184,pretium nisl ut volutpat sapien arcu,3,2021-11-27
185,amet eleifend pede libero quis orci,7,2022-01-23
186,quis justo maecenas rhoncus aliquam,6,2022-07-10
187,pede lobortis ligula sit amet eleifend,5,2022-10-30
188,gravida nisi at nibh in hac,6,2022-05-24
189,dictumst aliquam augue quam sollicitudin vitae,1,2022-07-17
190,id ligula suspendisse ornare consequat,3,2022-10-16
191,in hac habitasse platea dictumst morbi,1,2022-10-19
192,eleifend quam a odio in hac,7,2022-03-23
193,et magnis dis parturient montes nascetur,4,2022-04-30
194,natoque penatibus et magnis dis,7,2021-12-26
195,adipiscing elit proin interdum mauris non,4,2021-12-12
196,et ultrices posuere cubilia curae duis,3,2022-08-03
197,metus vitae ipsum aliquam non,7,2022-07-18
198,sit amet consectetuer adipiscing elit proin,1,2022-01-14
199,duis ac nibh fusce lacus,7,2022-06-09
200,duis aliquam convallis nunc proin,1,2022-08-27
201,sed tristique in tempus sit,7,2022-09-29
202,rhoncus aliquam lacus morbi quis,2,2022-01-12
203,orci luctus et ultrices posuere cubilia,2,2021-11-12
204,aliquam quis turpis eget elit sodales,7,2022-03-18
205,ridiculus mus vivamus vestibulum sagittis,1,2022-07-10
206,felis sed lacus morbi sem,2,2021-11-21
207,ligula in lacus curabitur at ipsum,2,2022-06-03
208,sapien urna pretium nisl ut volutpat,7,2022-10-20
209,massa volutpat convallis morbi odio odio,5,2022-10-23
210,diam id ornare imperdiet sapien,4,2022-01-16
211,in lectus pellentesque at nulla,6,2022-01-14
212,in quis justo maecenas rhoncus aliquam,5,2022-07-12
213,eleifend donec ut dolor morbi vel,4,2022-06-11
214,nunc viverra dapibus nulla suscipit,5,2022-02-17
215,tincidunt eget tempus vel pede,3,2022-02-17
216,felis sed interdum venenatis turpis,6,2022-02-09
217,sagittis nam congue risus semper porta,4,2022-06-26
218,vitae mattis nibh ligula nec sem,5,2022-02-10
219,fermentum justo nec condimentum neque,5,2022-03-04
220,dui luctus rutrum nulla tellus,4,2022-04-25
221,ac leo pellentesque ultrices mattis,2,2022-03-17
222,volutpat dui maecenas tristique est,1,2021-12-28
223,ut tellus nulla ut erat id,1,2022-10-09
224,parturient montes nascetur ridiculus mus vivamus,1,2021-11-25
225,amet erat nulla tempus vivamus in,1,2022-03-31
226,eleifend donec ut dolor morbi,3,2021-11-19
227,ligula pellentesque ultrices phasellus id,1,2022-06-04
228,et magnis dis parturient montes nascetur,4,2022-09-21
229,luctus cum sociis natoque penatibus,4,2022-10-15
230,sit amet cursus id turpis integer,2,2022-10-31
231,habitasse platea dictumst aliquam augue quam,5,2022-06-27
232,eros elementum pellentesque quisque porta,4,2022-10-07
233,magna ac consequat metus sapien,5,2022-05-17
234,in congue etiam justo etiam pretium,6,2021-11-18
235,non velit donec diam neque,3,2022-02-12
236,imperdiet sapien urna pretium nisl,2,2022-05-22
237,augue aliquam erat volutpat in,4,2022-05-20
238,justo aliquam quis turpis eget,5,2022-08-11
239,platea dictumst aliquam augue quam,5,2021-12-28
240,ipsum aliquam non mauris morbi non,7,2021-12-08
241,lacinia eget tincidunt eget tempus,1,2022-04-29
242,in quam fringilla rhoncus mauris,4,2022-04-25
243,etiam vel augue vestibulum rutrum rutrum,7,2022-02-21
244,fermentum justo nec condimentum neque sapien,4,2021-12-22
245,sapien varius ut blandit non,3,2022-01-02
246,habitasse platea dictumst etiam faucibus,4,2022-01-28
247,eget eros elementum pellentesque quisque,1,2022-05-19
248,eget massa tempor convallis nulla,4,2022-01-17
249,quis orci nullam molestie nibh in,6,2022-06-02
250,id luctus nec molestie sed justo,3,2022-08-24
251,eleifend donec ut dolor morbi,5,2021-12-10
252,libero convallis eget eleifend luctus,3,2022-06-03
253,curae mauris viverra diam vitae quam,4,2022-07-29
254,vulputate nonummy maecenas tincidunt lacus,6,2022-05-21
255,ut massa volutpat convallis morbi,3,2022-03-26
256,odio elementum eu interdum eu,5,2022-10-19
257,morbi vestibulum velit id pretium iaculis,6,2022-04-15
258,duis bibendum morbi non quam nec,2,2021-12-10
259,ante nulla justo aliquam quis turpis,5,2022-10-18
260,habitasse platea dictumst maecenas ut massa,7,2021-11-07
261,vivamus tortor duis mattis egestas,3,2021-12-29
262,pede justo eu massa donec dapibus,7,2022-06-28
263,sociis natoque penatibus et magnis,4,2022-08-24
264,platea dictumst morbi vestibulum velit,2,2022-09-28
265,in quis justo maecenas rhoncus,1,2022-05-11
266,eget tincidunt eget tempus vel,3,2021-11-15
267,pharetra magna ac consequat metus,4,2022-10-16
268,sapien non mi integer ac neque,4,2022-02-16
269,venenatis turpis enim blandit mi,2,2021-12-29
270,tellus semper interdum mauris ullamcorper,7,2022-06-09
271,fermentum donec ut mauris eget,1,2021-12-02
272,lacinia nisi venenatis tristique fusce,5,2022-06-15
273,nullam sit amet turpis elementum ligula,4,2022-06-23
274,donec ut dolor morbi vel,1,2022-02-07
275,faucibus orci luctus et ultrices,3,2022-02-03
276,dis parturient montes nascetur ridiculus,5,2022-01-30
277,posuere cubilia curae donec pharetra magna,5,2022-09-01
278,malesuada in imperdiet et commodo vulputate,5,2022-05-24
279,libero convallis eget eleifend luctus,3,2022-04-09
280,posuere metus vitae ipsum aliquam,3,2021-11-25
281,pharetra magna vestibulum aliquet ultrices,2,2022-10-28
282,vel est donec odio justo,4,2022-02-27
283,diam neque vestibulum eget vulputate ut,3,2022-01-05
284,orci luctus et ultrices posuere cubilia,4,2022-03-13
285,lobortis convallis tortor risus dapibus augue,5,2022-07-15
286,arcu adipiscing molestie hendrerit at,6,2021-11-10
287,hac habitasse platea dictumst aliquam,1,2022-01-19
288,eget massa tempor convallis nulla,7,2022-02-16
289,aliquam sit amet diam in,6,2022-09-29
290,habitasse platea dictumst aliquam augue quam,7,2021-11-07
291,sagittis nam congue risus semper porta,5,2021-11-25
292,dictumst aliquam augue quam sollicitudin,3,2022-07-29
293,faucibus orci luctus et ultrices posuere,6,2022-08-18
294,proin risus praesent lectus vestibulum quam,3,2022-06-24
295,phasellus sit amet erat nulla tempus,7,2021-12-12
296,etiam faucibus cursus urna ut,1,2022-06-08
297,pharetra magna ac consequat metus sapien,3,2022-02-07
298,ac leo pellentesque ultrices mattis odio,5,2022-08-18
299,luctus cum sociis natoque penatibus et,6,2021-12-04
300,ipsum integer a nibh in,5,2021-11-16
301,erat nulla tempus vivamus in,6,2022-05-13
302,pede ac diam cras pellentesque volutpat,4,2022-01-23
303,nibh in quis justo maecenas rhoncus,6,2022-04-11
304,a feugiat et eros vestibulum ac,3,2022-08-21
305,sit amet consectetuer adipiscing elit proin,3,2022-04-10
306,quis augue luctus tincidunt nulla,5,2022-06-07
307,curabitur gravida nisi at nibh in,3,2021-12-07
308,ante vestibulum ante ipsum primis,5,2022-08-05
309,at vulputate vitae nisl aenean lectus,5,2022-03-01
310,id ligula suspendisse ornare consequat,6,2022-01-30
311,vestibulum sagittis sapien cum sociis,1,2022-09-04
312,ultrices posuere cubilia curae mauris viverra,1,2022-06-11
313,aliquet at feugiat non pretium quis,1,2022-08-09
314,sapien cursus vestibulum proin eu mi,1,2021-11-13
315,erat id mauris vulputate elementum nullam,7,2022-08-16
316,maecenas tristique est et tempus,1,2022-06-10
317,convallis nunc proin at turpis a,1,2022-05-19
318,cursus vestibulum proin eu mi,3,2022-01-07
319,ultrices enim lorem ipsum dolor,3,2021-12-27
320,ut rhoncus aliquet pulvinar sed nisl,2,2022-02-09
321,lectus pellentesque eget nunc donec quis,3,2022-05-02
322,rutrum neque aenean auctor gravida sem,4,2022-05-07
323,tortor risus dapibus augue vel accumsan,7,2022-01-14
324,in faucibus orci luctus et,3,2022-07-08
325,volutpat sapien arcu sed augue,1,2021-11-12
326,sed nisl nunc rhoncus dui,5,2021-11-12
327,nec condimentum neque sapien placerat,7,2022-08-21
328,montes nascetur ridiculus mus vivamus,7,2022-04-16
329,a libero nam dui proin,2,2022-07-03
330,pellentesque volutpat dui maecenas tristique est,4,2022-03-26
331,felis eu sapien cursus vestibulum proin,1,2022-10-19
332,habitasse platea dictumst morbi vestibulum,6,2022-01-11
333,nunc proin at turpis a,7,2022-04-29
334,erat eros viverra eget congue eget,5,2022-01-14
335,ac nibh fusce lacus purus,2,2021-12-21
336,nullam sit amet turpis elementum ligula,2,2022-07-19
337,massa id lobortis convallis tortor risus,3,2021-11-01
338,tellus nisi eu orci mauris,7,2022-03-10
339,congue vivamus metus arcu adipiscing,5,2022-10-01
340,nam tristique tortor eu pede,7,2022-05-21
341,gravida sem praesent id massa,5,2021-11-08
342,quam turpis adipiscing lorem vitae mattis,1,2022-03-26
343,in imperdiet et commodo vulputate justo,3,2022-06-15
344,amet sapien dignissim vestibulum vestibulum,1,2022-09-14
345,nec nisi vulputate nonummy maecenas tincidunt,1,2022-09-07
346,ante vel ipsum praesent blandit,2,2022-08-27
347,fermentum donec ut mauris eget massa,3,2022-01-31
348,vehicula condimentum curabitur in libero ut,5,2022-10-17
349,luctus et ultrices posuere cubilia curae,7,2022-02-15
350,neque aenean auctor gravida sem,7,2022-06-27
351,erat vestibulum sed magna at,7,2022-10-23
352,at velit eu est congue,3,2022-05-15
353,nulla ac enim in tempor turpis,7,2022-01-17
354,tincidunt ante vel ipsum praesent,6,2022-01-10
355,phasellus in felis donec semper,7,2022-02-06
356,id mauris vulputate elementum nullam varius,2,2021-11-20
357,eu est congue elementum in,3,2022-10-18
358,turpis nec euismod scelerisque quam turpis,7,2021-11-19
359,proin risus praesent lectus vestibulum quam,4,2022-10-05
360,augue quam sollicitudin vitae consectetuer eget,6,2022-07-27
361,adipiscing lorem vitae mattis nibh ligula,2,2022-02-11
362,nisi venenatis tristique fusce congue diam,2,2022-02-26
363,luctus cum sociis natoque penatibus et,4,2021-11-12
364,aliquet ultrices erat tortor sollicitudin mi,7,2021-12-21
365,cras in purus eu magna,2,2022-03-17
366,mauris vulputate elementum nullam varius nulla,7,2021-11-20
367,nibh ligula nec sem duis aliquam,7,2022-05-05
368,nunc donec quis orci eget orci,3,2022-08-07
369,duis bibendum morbi non quam nec,1,2021-11-16
370,parturient montes nascetur ridiculus mus vivamus,6,2022-10-04
371,libero quis orci nullam molestie,6,2022-08-26
372,interdum venenatis turpis enim blandit mi,5,2021-11-10
373,sed tristique in tempus sit,4,2021-12-28
374,dolor sit amet consectetuer adipiscing elit,4,2022-07-20
375,pede lobortis ligula sit amet eleifend,7,2022-05-22
376,a pede posuere nonummy integer,2,2022-03-28
377,eu nibh quisque id justo,1,2021-11-02
378,odio curabitur convallis duis consequat,2,2022-01-24
379,lacus at velit vivamus vel nulla,6,2022-09-05
380,ut nulla sed accumsan felis ut,1,2022-05-07
381,tempor convallis nulla neque libero,4,2022-03-02
382,mauris eget massa tempor convallis,3,2022-01-02
383,potenti cras in purus eu magna,5,2021-11-30
384,fringilla rhoncus mauris enim leo rhoncus,4,2022-01-05
385,natoque penatibus et magnis dis parturient,1,2022-02-23
386,libero nullam sit amet turpis,6,2022-04-27
387,posuere metus vitae ipsum aliquam non,1,2021-11-25
388,congue elementum in hac habitasse platea,2,2022-01-27
389,parturient montes nascetur ridiculus mus vivamus,2,2022-07-26
390,dictumst aliquam augue quam sollicitudin vitae,1,2022-03-14
391,pede lobortis ligula sit amet eleifend,6,2022-03-15
392,sapien iaculis congue vivamus metus arcu,3,2022-01-20
393,cum sociis natoque penatibus et,5,2022-06-22
394,luctus et ultrices posuere cubilia curae,1,2022-02-27
395,non lectus aliquam sit amet,5,2022-08-01
396,cras in purus eu magna,3,2022-09-22
397,dictumst etiam faucibus cursus urna,4,2022-07-31
398,laoreet ut rhoncus aliquet pulvinar,1,2022-09-23
399,risus dapibus augue vel accumsan tellus,3,2022-06-16
400,dolor quis odio consequat varius,5,2022-03-05
401,at velit eu est congue,6,2022-09-25
402,a ipsum integer a nibh,4,2022-09-14
403,nibh in hac habitasse platea dictumst,6,2021-12-23
404,purus phasellus in felis donec,5,2021-11-05
405,sed justo pellentesque viverra pede,2,2022-08-02
406,volutpat in congue etiam justo etiam,7,2022-06-07
407,porttitor lorem id ligula suspendisse ornare,1,2021-12-21
408,cubilia curae nulla dapibus dolor,1,2022-07-26
409,volutpat sapien arcu sed augue,3,2021-11-08
410,et tempus semper est quam,3,2022-06-13
411,et ultrices posuere cubilia curae,7,2022-09-24
412,lacus purus aliquet at feugiat,2,2021-11-23
413,massa id lobortis convallis tortor risus,5,2022-09-05
414,blandit mi in porttitor pede,4,2022-08-04
415,bibendum felis sed interdum venenatis turpis,4,2022-01-25
416,orci mauris lacinia sapien quis libero,4,2021-12-18
417,amet lobortis sapien sapien non mi,6,2022-02-11
418,quisque porta volutpat erat quisque erat,6,2021-11-24
419,ipsum praesent blandit lacinia erat vestibulum,2,2022-10-03
420,vulputate elementum nullam varius nulla facilisi,4,2022-08-08
421,felis sed interdum venenatis turpis,3,2022-04-29
422,vehicula condimentum curabitur in libero ut,5,2022-03-27
423,volutpat convallis morbi odio odio,5,2022-02-01
424,id nisl venenatis lacinia aenean,5,2022-10-19
425,aliquet at feugiat non pretium,6,2022-06-26
426,scelerisque quam turpis adipiscing lorem,4,2022-05-29
427,turpis eget elit sodales scelerisque,4,2022-04-14
428,ut blandit non interdum in,7,2022-04-25
429,erat eros viverra eget congue,5,2021-12-03
430,pretium nisl ut volutpat sapien,7,2022-03-16
431,lorem ipsum dolor sit amet consectetuer,7,2022-02-09
432,mi pede malesuada in imperdiet et,7,2022-03-30
433,ac diam cras pellentesque volutpat,6,2021-11-15
434,mattis odio donec vitae nisi,3,2022-03-21
435,amet nulla quisque arcu libero rutrum,1,2022-02-12
436,vestibulum velit id pretium iaculis diam,3,2022-08-10
437,habitasse platea dictumst etiam faucibus,1,2022-07-03
438,vestibulum eget vulputate ut ultrices vel,5,2022-08-06
439,eget nunc donec quis orci eget,5,2022-02-27
440,sapien cum sociis natoque penatibus,1,2021-12-08
441,justo etiam pretium iaculis justo in,2,2022-02-10
442,quam pharetra magna ac consequat metus,5,2022-05-29
443,non mattis pulvinar nulla pede,3,2021-12-22
444,praesent lectus vestibulum quam sapien,5,2022-07-31
445,amet diam in magna bibendum,3,2022-08-15
446,ante vestibulum ante ipsum primis,2,2022-04-15
447,orci luctus et ultrices posuere cubilia,4,2022-10-11
448,ultrices libero non mattis pulvinar,1,2022-08-30
449,faucibus accumsan odio curabitur convallis,6,2022-01-31
450,amet sem fusce consequat nulla nisl,6,2022-05-25
451,quam fringilla rhoncus mauris enim leo,6,2022-10-05
452,sagittis sapien cum sociis natoque penatibus,6,2022-09-30
453,odio condimentum id luctus nec,6,2022-06-16
454,fusce lacus purus aliquet at,6,2022-09-10
455,elit sodales scelerisque mauris sit amet,6,2021-12-15
456,eleifend donec ut dolor morbi,7,2021-12-28
457,et ultrices posuere cubilia curae,7,2022-07-29
458,ac consequat metus sapien ut,2,2021-11-02
459,gravida sem praesent id massa,2,2022-08-13
460,elementum nullam varius nulla facilisi,1,2022-06-25
461,quis odio consequat varius integer,6,2022-01-02
462,pellentesque volutpat dui maecenas tristique est,7,2022-07-29
463,pulvinar nulla pede ullamcorper augue,6,2022-03-20
464,eros viverra eget congue eget,6,2022-02-26
465,ipsum ac tellus semper interdum,4,2022-07-08
466,molestie hendrerit at vulputate vitae,1,2021-12-20
467,nisi volutpat eleifend donec ut,2,2022-05-19
468,vestibulum eget vulputate ut ultrices vel,2,2022-03-16
469,odio odio elementum eu interdum,5,2022-10-09
470,nullam varius nulla facilisi cras non,7,2022-02-25
471,vulputate ut ultrices vel augue vestibulum,3,2022-01-01
472,vitae consectetuer eget rutrum at,5,2022-06-18
473,sit amet consectetuer adipiscing elit,2,2022-02-11
474,quisque porta volutpat erat quisque erat,2,2022-09-22
475,rutrum nulla nunc purus phasellus in,3,2022-08-25
476,mauris sit amet eros suspendisse accumsan,3,2022-08-11
477,nibh in lectus pellentesque at,4,2021-11-22
478,neque sapien placerat ante nulla justo,4,2021-11-08
479,semper rutrum nulla nunc purus phasellus,4,2022-02-08
480,vivamus metus arcu adipiscing molestie,1,2022-04-11
481,consequat metus sapien ut nunc,7,2021-12-16
482,nulla tempus vivamus in felis eu,4,2022-02-06
483,turpis a pede posuere nonummy,5,2022-05-09
484,pellentesque eget nunc donec quis orci,6,2022-01-23
485,non ligula pellentesque ultrices phasellus,4,2021-12-12
486,in congue etiam justo etiam,4,2021-12-30
487,dapibus dolor vel est donec odio,4,2022-04-14
488,morbi odio odio elementum eu interdum,2,2022-02-20
489,eget tincidunt eget tempus vel pede,7,2022-04-30
490,adipiscing lorem vitae mattis nibh,7,2022-06-15
491,orci pede venenatis non sodales,7,2022-04-13
492,semper interdum mauris ullamcorper purus,2,2022-04-21
493,luctus et ultrices posuere cubilia curae,1,2022-05-16
494,maecenas pulvinar lobortis est phasellus,2,2022-10-21
495,ligula suspendisse ornare consequat lectus in,4,2022-04-20
496,ultrices posuere cubilia curae nulla,1,2022-10-28
497,mi pede malesuada in imperdiet et,4,2022-04-07
498,ligula vehicula consequat morbi a,5,2022-04-18
499,in est risus auctor sed tristique,3,2022-09-26
500,vel pede morbi porttitor lorem,2,2021-12-18
501,non mauris morbi non lectus,6,2022-02-23
502,sapien placerat ante nulla justo,4,2022-05-29
503,hac habitasse platea dictumst aliquam,1,2022-02-08
504,curabitur in libero ut massa volutpat,1,2022-04-29
505,sem sed sagittis nam congue risus,7,2022-04-18
506,tristique in tempus sit amet,7,2022-03-09
507,ultrices vel augue vestibulum ante,3,2022-10-05
508,ut ultrices vel augue vestibulum ante,6,2022-05-04
509,fermentum justo nec condimentum neque sapien,3,2022-02-21
510,justo sit amet sapien dignissim,1,2022-07-25
511,morbi vestibulum velit id pretium,6,2022-10-20
512,natoque penatibus et magnis dis,1,2021-12-15
513,massa id nisl venenatis lacinia,3,2021-11-09
514,enim in tempor turpis nec euismod,7,2022-04-12
515,nam nulla integer pede justo lacinia,1,2022-09-30
516,nulla elit ac nulla sed,5,2021-12-30
517,ut volutpat sapien arcu sed augue,5,2022-02-11
518,quam fringilla rhoncus mauris enim,5,2022-09-22
519,convallis duis consequat dui nec,7,2022-05-27
520,rutrum at lorem integer tincidunt,5,2022-10-09
521,viverra eget congue eget semper rutrum,3,2022-08-21
522,ornare imperdiet sapien urna pretium nisl,2,2022-03-10
523,eros viverra eget congue eget semper,4,2022-04-09
524,non pretium quis lectus suspendisse potenti,4,2022-09-10
525,ipsum dolor sit amet consectetuer,2,2021-12-01
526,et ultrices posuere cubilia curae,6,2021-11-08
527,ante vivamus tortor duis mattis,1,2022-07-22
528,est risus auctor sed tristique,6,2022-09-29
529,malesuada in imperdiet et commodo vulputate,7,2021-11-24
530,sit amet turpis elementum ligula vehicula,1,2022-06-05
531,nulla suspendisse potenti cras in,7,2022-04-17
532,consequat varius integer ac leo pellentesque,4,2022-01-14
533,venenatis turpis enim blandit mi,4,2021-12-20
534,volutpat sapien arcu sed augue aliquam,7,2022-06-07
535,imperdiet et commodo vulputate justo in,3,2022-07-23
536,vulputate elementum nullam varius nulla,5,2022-05-14
537,nulla justo aliquam quis turpis eget,5,2022-01-31
538,est quam pharetra magna ac consequat,3,2022-07-16
539,consectetuer adipiscing elit proin interdum,7,2022-01-02
540,venenatis non sodales sed tincidunt eu,5,2021-11-24
541,lacus at velit vivamus vel,5,2021-12-03
542,praesent lectus vestibulum quam sapien,4,2022-06-05
543,turpis eget elit sodales scelerisque mauris,7,2022-01-16
544,sit amet consectetuer adipiscing elit,6,2022-08-31
545,enim blandit mi in porttitor,6,2021-11-24
546,dictumst aliquam augue quam sollicitudin,5,2022-07-29
547,mattis nibh ligula nec sem duis,1,2022-06-20
548,ipsum dolor sit amet consectetuer,1,2022-06-25
549,a suscipit nulla elit ac nulla,2,2022-03-20
550,praesent lectus vestibulum quam sapien varius,3,2021-12-14
551,pulvinar lobortis est phasellus sit amet,5,2022-07-31
552,massa volutpat convallis morbi odio,5,2022-10-23
553,odio in hac habitasse platea dictumst,7,2022-06-13
554,nulla justo aliquam quis turpis eget,6,2021-11-28
555,ipsum praesent blandit lacinia erat,4,2022-07-30
556,in purus eu magna vulputate,1,2022-05-23
557,dapibus nulla suscipit ligula in,2,2022-02-13
558,duis bibendum morbi non quam,4,2022-03-07
559,ligula suspendisse ornare consequat lectus,5,2022-07-08
560,ut mauris eget massa tempor,2,2021-11-27
561,quis orci nullam molestie nibh in,3,2022-03-06
562,pulvinar lobortis est phasellus sit amet,2,2022-02-10
563,mauris lacinia sapien quis libero nullam,4,2021-12-31
564,curabitur convallis duis consequat dui,1,2022-02-23
565,ultrices aliquet maecenas leo odio condimentum,1,2022-10-05
566,leo maecenas pulvinar lobortis est,7,2022-08-03
567,dapibus augue vel accumsan tellus nisi,7,2022-03-15
568,ipsum integer a nibh in quis,3,2022-07-14
569,hac habitasse platea dictumst morbi vestibulum,5,2021-12-22
570,accumsan tortor quis turpis sed ante,1,2022-09-23
571,lacus morbi sem mauris laoreet ut,7,2022-04-20
572,morbi quis tortor id nulla ultrices,1,2022-04-04
573,aliquam erat volutpat in congue etiam,1,2022-08-08
574,eget orci vehicula condimentum curabitur in,3,2022-01-30
575,nulla tellus in sagittis dui vel,4,2021-11-18
576,et ultrices posuere cubilia curae donec,5,2021-12-20
577,id ornare imperdiet sapien urna pretium,7,2022-07-12
578,luctus nec molestie sed justo,4,2022-10-10
579,vel nisl duis ac nibh,3,2022-08-11
580,sapien cursus vestibulum proin eu mi,1,2022-05-18
581,lobortis est phasellus sit amet,1,2022-06-06
582,convallis eget eleifend luctus ultricies eu,1,2022-07-07
583,ac leo pellentesque ultrices mattis odio,6,2022-05-10
584,vestibulum sit amet cursus id,7,2022-02-02
585,semper sapien a libero nam dui,1,2022-01-03
586,ultrices phasellus id sapien in sapien,3,2022-09-12
587,ante ipsum primis in faucibus orci,4,2022-02-01
588,suscipit a feugiat et eros,7,2022-02-09
589,accumsan felis ut at dolor quis,1,2022-04-11
590,id lobortis convallis tortor risus,1,2022-05-27
591,lacinia eget tincidunt eget tempus vel,2,2021-11-14
592,turpis nec euismod scelerisque quam turpis,1,2022-09-27
593,iaculis justo in hac habitasse,5,2022-08-21
594,nam ultrices libero non mattis,6,2022-03-26
595,dictumst etiam faucibus cursus urna ut,2,2022-09-05
596,sit amet consectetuer adipiscing elit,3,2021-11-17
597,lacus at velit vivamus vel nulla,5,2022-04-12
598,vulputate luctus cum sociis natoque,4,2022-07-31
599,lobortis convallis tortor risus dapibus augue,4,2022-08-15
600,semper rutrum nulla nunc purus phasellus,7,2022-03-08
601,cubilia curae nulla dapibus dolor vel,4,2022-06-22
602,vel nisl duis ac nibh fusce,7,2022-03-25
603,vel enim sit amet nunc,5,2022-05-19
604,dapibus dolor vel est donec,7,2022-02-06
605,velit vivamus vel nulla eget,1,2022-03-17
606,nam ultrices libero non mattis,6,2022-06-23
607,vehicula condimentum curabitur in libero ut,4,2022-09-05
608,sollicitudin vitae consectetuer eget rutrum,3,2022-05-08
609,lobortis sapien sapien non mi integer,6,2022-09-23
610,pellentesque ultrices mattis odio donec vitae,7,2022-10-31
611,quisque id justo sit amet,4,2021-11-04
612,turpis eget elit sodales scelerisque,5,2022-09-15
613,faucibus orci luctus et ultrices,2,2022-10-07
614,justo etiam pretium iaculis justo in,7,2021-11-08
615,aliquam sit amet diam in magna,7,2022-06-28
616,commodo placerat praesent blandit nam nulla,6,2021-11-21
617,potenti in eleifend quam a odio,6,2022-08-11
618,sapien arcu sed augue aliquam,5,2022-07-17
619,lorem vitae mattis nibh ligula nec,4,2022-08-11
620,a ipsum integer a nibh,3,2022-09-03
621,dictumst etiam faucibus cursus urna ut,2,2021-12-24
622,pellentesque volutpat dui maecenas tristique est,3,2022-01-16
623,integer tincidunt ante vel ipsum praesent,3,2022-06-02
624,elit ac nulla sed vel enim,6,2021-11-24
625,semper sapien a libero nam,2,2022-07-28
626,odio condimentum id luctus nec molestie,4,2022-05-31
627,vulputate nonummy maecenas tincidunt lacus at,3,2022-09-05
628,diam cras pellentesque volutpat dui maecenas,4,2022-10-08
629,ligula suspendisse ornare consequat lectus,5,2022-03-07
630,quisque porta volutpat erat quisque,6,2022-03-27
631,odio condimentum id luctus nec,2,2022-08-12
632,convallis tortor risus dapibus augue vel,2,2021-11-02
633,in faucibus orci luctus et ultrices,3,2022-03-18
634,ullamcorper purus sit amet nulla,1,2022-02-16
635,potenti nullam porttitor lacus at turpis,6,2021-12-24
636,id ornare imperdiet sapien urna,6,2022-06-23
637,magna vestibulum aliquet ultrices erat tortor,4,2022-08-10
638,curabitur gravida nisi at nibh in,3,2021-11-07
639,consequat in consequat ut nulla sed,1,2022-09-22
640,varius nulla facilisi cras non,6,2022-10-02
641,dui proin leo odio porttitor,2,2022-04-06
642,duis bibendum felis sed interdum venenatis,1,2022-06-14
643,sit amet lobortis sapien sapien,4,2022-10-05
644,ut nulla sed accumsan felis,7,2022-09-01
645,morbi vel lectus in quam fringilla,3,2022-02-09
646,ultricies eu nibh quisque id justo,7,2021-11-01
647,pharetra magna vestibulum aliquet ultrices,3,2021-12-31
648,dictumst etiam faucibus cursus urna,3,2021-11-16
649,rhoncus sed vestibulum sit amet cursus,7,2022-01-31
650,elementum ligula vehicula consequat morbi a,7,2022-03-30
651,in hac habitasse platea dictumst,1,2022-01-28
652,et magnis dis parturient montes nascetur,7,2021-11-15
653,nibh fusce lacus purus aliquet,6,2022-01-24
654,iaculis congue vivamus metus arcu,2,2022-08-08
655,consequat lectus in est risus,3,2022-08-14
656,amet erat nulla tempus vivamus,5,2021-11-03
657,volutpat quam pede lobortis ligula sit,7,2022-01-27
658,vestibulum sagittis sapien cum sociis,7,2022-08-04
659,tortor risus dapibus augue vel accumsan,6,2022-08-27
660,varius nulla facilisi cras non velit,3,2022-02-05
661,id pretium iaculis diam erat fermentum,4,2022-03-17
662,purus eu magna vulputate luctus,1,2021-11-03
663,porttitor lorem id ligula suspendisse ornare,1,2022-03-02
664,etiam vel augue vestibulum rutrum rutrum,2,2022-07-24
665,nullam varius nulla facilisi cras non,7,2022-01-22
666,diam nam tristique tortor eu pede,5,2022-07-21
667,morbi non lectus aliquam sit amet,4,2022-08-22
668,ante vivamus tortor duis mattis egestas,2,2022-07-07
669,erat eros viverra eget congue,4,2021-12-06
670,ridiculus mus vivamus vestibulum sagittis,4,2022-02-12
671,magna bibendum imperdiet nullam orci pede,1,2021-11-25
672,nec euismod scelerisque quam turpis adipiscing,1,2022-07-16
673,pretium iaculis diam erat fermentum justo,7,2022-02-01
674,elementum ligula vehicula consequat morbi a,2,2022-02-09
675,eget eros elementum pellentesque quisque,1,2022-07-19
676,nullam molestie nibh in lectus pellentesque,4,2022-02-10
677,dui vel nisl duis ac nibh,2,2022-09-22
678,sed magna at nunc commodo placerat,4,2022-01-19
679,convallis tortor risus dapibus augue,5,2022-08-31
680,erat fermentum justo nec condimentum neque,1,2022-01-20
681,eleifend donec ut dolor morbi vel,4,2021-11-11
682,pede posuere nonummy integer non velit,3,2022-04-16
683,platea dictumst morbi vestibulum velit id,3,2022-03-28
684,quisque porta volutpat erat quisque,3,2022-05-01
685,odio elementum eu interdum eu tincidunt,7,2021-12-20
686,posuere nonummy integer non velit donec,7,2022-01-02
687,ultrices vel augue vestibulum ante ipsum,1,2022-02-23
688,montes nascetur ridiculus mus vivamus vestibulum,7,2021-12-05
689,ante vel ipsum praesent blandit lacinia,5,2021-11-04
690,eros suspendisse accumsan tortor quis turpis,1,2022-06-07
691,nunc rhoncus dui vel sem,6,2021-11-17
692,turpis elementum ligula vehicula consequat,2,2022-08-22
693,nullam porttitor lacus at turpis,2,2022-03-07
694,non quam nec dui luctus,5,2022-03-05
695,in ante vestibulum ante ipsum primis,4,2021-12-03
696,vivamus in felis eu sapien cursus,7,2022-01-25
697,erat vestibulum sed magna at nunc,2,2022-08-19
698,gravida sem praesent id massa,5,2022-06-16
699,blandit ultrices enim lorem ipsum,7,2022-09-13
700,hac habitasse platea dictumst etiam faucibus,4,2022-01-21
701,neque duis bibendum morbi non,5,2021-11-27
702,in quis justo maecenas rhoncus,2,2022-04-19
703,felis fusce posuere felis sed,7,2022-07-14
704,nunc nisl duis bibendum felis,6,2022-06-05
705,in eleifend quam a odio,2,2022-10-14
706,quis libero nullam sit amet turpis,7,2022-10-30
707,est lacinia nisi venenatis tristique,1,2022-03-01
708,fusce congue diam id ornare,2,2022-05-11
709,libero ut massa volutpat convallis morbi,6,2022-01-28
710,erat curabitur gravida nisi at nibh,6,2021-12-09
711,habitasse platea dictumst etiam faucibus cursus,4,2022-01-28
712,odio donec vitae nisi nam ultrices,6,2022-05-11
713,donec posuere metus vitae ipsum,3,2022-02-19
714,sapien varius ut blandit non,7,2022-10-28
715,nam congue risus semper porta,3,2022-03-10
716,faucibus orci luctus et ultrices posuere,7,2022-08-07
717,dis parturient montes nascetur ridiculus mus,7,2022-06-08
718,purus aliquet at feugiat non,2,2022-04-22
719,enim sit amet nunc viverra dapibus,2,2021-11-22
720,pede justo eu massa donec dapibus,2,2021-11-16
721,dignissim vestibulum vestibulum ante ipsum,3,2022-08-27
722,erat id mauris vulputate elementum,7,2022-02-01
723,a pede posuere nonummy integer,1,2022-02-08
724,curabitur in libero ut massa,5,2022-07-03
725,vestibulum sit amet cursus id turpis,4,2021-11-24
726,cras in purus eu magna,5,2022-08-26
727,et commodo vulputate justo in blandit,2,2021-11-06
728,massa quis augue luctus tincidunt nulla,1,2022-05-30
729,nam nulla integer pede justo lacinia,5,2022-04-08
730,aenean lectus pellentesque eget nunc,4,2022-09-20
731,etiam pretium iaculis justo in hac,5,2021-12-17
732,suspendisse potenti in eleifend quam a,3,2021-12-05
733,in imperdiet et commodo vulputate,7,2022-10-28
734,condimentum curabitur in libero ut massa,6,2022-09-04
735,vitae consectetuer eget rutrum at,5,2022-03-25
736,vestibulum aliquet ultrices erat tortor sollicitudin,6,2022-09-01
737,odio elementum eu interdum eu,1,2022-10-22
738,eget orci vehicula condimentum curabitur,7,2022-03-17
739,non ligula pellentesque ultrices phasellus,4,2022-08-27
740,orci vehicula condimentum curabitur in,5,2022-03-12
741,semper porta volutpat quam pede,6,2022-03-15
742,blandit non interdum in ante vestibulum,7,2022-01-27
743,justo aliquam quis turpis eget elit,2,2022-05-24
744,in hac habitasse platea dictumst aliquam,4,2022-05-30
745,amet sapien dignissim vestibulum vestibulum,3,2022-04-23
746,amet consectetuer adipiscing elit proin,6,2022-06-09
747,condimentum neque sapien placerat ante,3,2022-09-21
748,in blandit ultrices enim lorem ipsum,4,2022-10-19
749,massa tempor convallis nulla neque,7,2022-09-22
750,montes nascetur ridiculus mus vivamus vestibulum,5,2022-05-25
751,rutrum rutrum neque aenean auctor,6,2022-05-28
752,quam sapien varius ut blandit non,6,2021-12-22
753,aliquet ultrices erat tortor sollicitudin,6,2021-11-10
754,dis parturient montes nascetur ridiculus,5,2022-03-07
755,mauris lacinia sapien quis libero nullam,3,2022-08-17
756,pretium iaculis diam erat fermentum justo,4,2021-12-30
757,nulla nunc purus phasellus in felis,7,2022-09-24
758,eget semper rutrum nulla nunc,5,2022-04-17
759,vulputate vitae nisl aenean lectus,2,2022-10-06
760,semper est quam pharetra magna ac,2,2021-11-04
761,magnis dis parturient montes nascetur ridiculus,4,2022-07-26
762,tellus in sagittis dui vel nisl,2,2022-02-11
763,curae donec pharetra magna vestibulum aliquet,2,2022-03-14
764,eu nibh quisque id justo sit,2,2022-10-10
765,ante ipsum primis in faucibus,7,2022-10-24
766,eu mi nulla ac enim,2,2022-10-14
767,ac enim in tempor turpis nec,6,2022-01-28
768,ac enim in tempor turpis nec,3,2022-09-07
769,et ultrices posuere cubilia curae donec,5,2022-06-06
770,adipiscing elit proin interdum mauris non,6,2021-11-15
771,id lobortis convallis tortor risus dapibus,4,2022-04-27
772,in faucibus orci luctus et ultrices,3,2022-02-20
773,cubilia curae duis faucibus accumsan odio,4,2022-05-10
774,auctor gravida sem praesent id,3,2022-07-08
775,enim sit amet nunc viverra dapibus,6,2022-03-10
776,bibendum felis sed interdum venenatis,5,2022-02-05
777,at dolor quis odio consequat,1,2022-08-27
778,quam a odio in hac,2,2022-07-07
779,habitasse platea dictumst aliquam augue,5,2021-12-07
780,convallis duis consequat dui nec,3,2022-04-29
781,bibendum imperdiet nullam orci pede,5,2022-03-05
782,elit sodales scelerisque mauris sit amet,1,2022-05-28
783,praesent id massa id nisl,3,2022-10-13
784,lacinia sapien quis libero nullam sit,1,2022-10-14
785,semper porta volutpat quam pede,7,2022-08-25
786,aliquet massa id lobortis convallis,2,2022-07-16
787,donec semper sapien a libero,1,2022-03-03
788,morbi vel lectus in quam,6,2022-03-31
789,commodo vulputate justo in blandit,2,2022-08-26
790,sapien arcu sed augue aliquam erat,2,2022-07-17
791,massa tempor convallis nulla neque libero,3,2022-06-30
792,pretium iaculis diam erat fermentum justo,6,2022-06-30
793,nulla ultrices aliquet maecenas leo,4,2022-05-06
794,duis at velit eu est congue,5,2022-01-18
795,risus semper porta volutpat quam,7,2022-04-14
796,et magnis dis parturient montes nascetur,1,2022-01-29
797,cras mi pede malesuada in,1,2022-02-17
798,potenti cras in purus eu,4,2022-03-11
799,sed vestibulum sit amet cursus,6,2022-05-31
800,amet sem fusce consequat nulla,4,2022-10-09
801,pharetra magna vestibulum aliquet ultrices,2,2022-05-11
802,curae mauris viverra diam vitae quam,3,2022-06-17
803,interdum mauris non ligula pellentesque ultrices,4,2022-06-10
804,cras pellentesque volutpat dui maecenas tristique,1,2022-05-19
805,velit eu est congue elementum in,5,2022-01-12
806,enim leo rhoncus sed vestibulum,3,2022-02-06
807,odio donec vitae nisi nam ultrices,7,2022-02-12
808,lorem ipsum dolor sit amet consectetuer,4,2022-10-13
809,porttitor lorem id ligula suspendisse,2,2021-12-31
810,turpis donec posuere metus vitae ipsum,1,2022-07-15
811,ut blandit non interdum in,1,2022-04-08
812,sit amet diam in magna,2,2022-03-21
813,posuere cubilia curae nulla dapibus dolor,7,2022-05-17
814,posuere nonummy integer non velit donec,6,2022-06-26
815,suscipit ligula in lacus curabitur at,4,2021-12-20
816,at turpis a pede posuere,5,2022-09-03
817,fusce lacus purus aliquet at feugiat,5,2021-12-07
818,tortor sollicitudin mi sit amet lobortis,3,2022-06-17
819,vitae consectetuer eget rutrum at,5,2022-10-18
820,in ante vestibulum ante ipsum primis,6,2021-11-06
821,tristique in tempus sit amet sem,5,2022-04-20
1130,nulla elit ac nulla sed,1,2021-11-08
822,non velit nec nisi vulputate,7,2022-01-06
823,consectetuer adipiscing elit proin risus,6,2021-12-22
824,quis tortor id nulla ultrices,7,2022-01-16
825,nisl duis ac nibh fusce lacus,3,2022-05-08
826,curae nulla dapibus dolor vel,2,2022-05-10
827,quam sapien varius ut blandit non,7,2022-04-12
828,sapien dignissim vestibulum vestibulum ante ipsum,2,2022-03-16
829,justo lacinia eget tincidunt eget,4,2022-08-17
830,blandit lacinia erat vestibulum sed,2,2021-11-26
831,tortor risus dapibus augue vel,4,2022-07-18
832,ultrices libero non mattis pulvinar nulla,2,2021-11-30
833,amet eleifend pede libero quis orci,5,2021-12-06
834,sit amet sem fusce consequat nulla,4,2022-06-07
835,ut dolor morbi vel lectus,7,2021-11-27
836,integer tincidunt ante vel ipsum praesent,1,2022-08-26
837,quis orci eget orci vehicula,3,2021-11-26
838,nunc purus phasellus in felis donec,5,2022-06-06
839,nisl duis ac nibh fusce,5,2021-12-06
840,accumsan tellus nisi eu orci,3,2021-12-14
841,in quam fringilla rhoncus mauris enim,6,2021-12-07
842,vestibulum aliquet ultrices erat tortor,7,2022-09-26
843,consequat morbi a ipsum integer a,2,2022-06-05
844,semper rutrum nulla nunc purus,7,2022-02-06
845,mauris vulputate elementum nullam varius,4,2021-12-25
846,ligula suspendisse ornare consequat lectus in,6,2022-02-22
847,aenean auctor gravida sem praesent id,2,2021-12-29
848,pellentesque ultrices phasellus id sapien in,3,2022-07-06
849,quisque porta volutpat erat quisque erat,2,2022-02-11
850,metus arcu adipiscing molestie hendrerit,7,2022-01-04
851,mauris laoreet ut rhoncus aliquet,6,2021-12-29
852,ac lobortis vel dapibus at,2,2022-09-22
853,purus eu magna vulputate luctus cum,4,2022-02-10
854,ut ultrices vel augue vestibulum,7,2021-11-10
855,parturient montes nascetur ridiculus mus etiam,4,2021-11-22
856,dui maecenas tristique est et tempus,4,2022-05-25
857,porta volutpat erat quisque erat eros,1,2022-09-09
858,nulla justo aliquam quis turpis eget,3,2022-04-30
859,porttitor pede justo eu massa,1,2022-09-08
860,elementum ligula vehicula consequat morbi,5,2022-09-02
861,potenti nullam porttitor lacus at turpis,4,2022-05-23
862,nisl duis ac nibh fusce,4,2021-12-20
863,morbi non lectus aliquam sit amet,2,2022-06-13
864,ut odio cras mi pede,4,2022-07-19
865,nunc proin at turpis a,3,2022-01-01
866,nam dui proin leo odio,5,2022-08-24
867,ultricies eu nibh quisque id justo,3,2022-06-08
868,gravida nisi at nibh in,1,2022-06-05
869,lobortis convallis tortor risus dapibus,3,2022-02-13
870,nulla mollis molestie lorem quisque ut,2,2022-04-10
871,id pretium iaculis diam erat,6,2022-03-12
872,dapibus duis at velit eu,4,2022-05-07
873,cursus urna ut tellus nulla,7,2022-06-13
874,fusce lacus purus aliquet at,4,2022-05-06
875,justo etiam pretium iaculis justo in,5,2022-07-14
876,nulla facilisi cras non velit,3,2022-01-14
877,scelerisque quam turpis adipiscing lorem vitae,2,2021-12-07
878,ultrices aliquet maecenas leo odio condimentum,4,2022-04-23
879,nunc proin at turpis a pede,6,2021-12-21
880,curabitur convallis duis consequat dui nec,3,2021-11-25
881,augue vel accumsan tellus nisi,6,2022-08-06
882,mauris enim leo rhoncus sed vestibulum,3,2022-01-31
883,rutrum nulla tellus in sagittis,4,2022-04-15
884,lacinia aenean sit amet justo,7,2022-06-17
885,sit amet eleifend pede libero quis,1,2021-12-07
886,velit eu est congue elementum,1,2022-09-13
887,a libero nam dui proin leo,5,2022-09-22
888,elit sodales scelerisque mauris sit amet,7,2022-08-16
889,rutrum neque aenean auctor gravida sem,1,2022-01-05
890,felis eu sapien cursus vestibulum,3,2022-07-03
891,dictumst morbi vestibulum velit id pretium,6,2022-03-04
892,posuere metus vitae ipsum aliquam non,7,2022-05-03
893,ornare consequat lectus in est,3,2022-03-10
894,ligula sit amet eleifend pede,6,2022-05-07
895,dolor sit amet consectetuer adipiscing elit,1,2022-06-23
896,eget tempus vel pede morbi porttitor,3,2022-03-07
897,interdum venenatis turpis enim blandit,4,2022-02-22
898,semper sapien a libero nam dui,4,2022-06-02
899,enim in tempor turpis nec,4,2022-01-02
900,aliquam quis turpis eget elit,5,2022-01-24
901,tortor quis turpis sed ante vivamus,2,2022-05-19
902,eros suspendisse accumsan tortor quis,5,2022-05-22
903,lectus pellentesque at nulla suspendisse potenti,3,2022-05-18
904,leo maecenas pulvinar lobortis est,6,2022-05-22
905,libero non mattis pulvinar nulla,3,2021-11-17
906,enim sit amet nunc viverra,4,2022-08-19
907,enim blandit mi in porttitor,3,2022-01-07
908,malesuada in imperdiet et commodo vulputate,5,2022-07-31
909,est phasellus sit amet erat,1,2022-03-25
910,consectetuer eget rutrum at lorem integer,2,2022-08-04
911,id sapien in sapien iaculis congue,2,2022-05-04
912,feugiat et eros vestibulum ac,7,2022-09-21
913,in lectus pellentesque at nulla suspendisse,5,2021-11-14
914,vel augue vestibulum rutrum rutrum neque,2,2022-01-10
915,congue etiam justo etiam pretium,2,2021-11-20
916,posuere metus vitae ipsum aliquam non,4,2022-08-20
917,lacus morbi sem mauris laoreet ut,3,2022-09-07
918,in eleifend quam a odio,4,2022-06-14
919,porttitor lacus at turpis donec posuere,7,2022-10-23
920,ullamcorper purus sit amet nulla quisque,4,2022-03-02
921,vitae mattis nibh ligula nec sem,6,2022-01-02
922,tristique fusce congue diam id ornare,1,2022-03-17
923,augue vel accumsan tellus nisi,1,2022-06-13
924,ac consequat metus sapien ut nunc,4,2022-04-02
1853,sem praesent id massa id,7,2022-02-03
925,duis bibendum felis sed interdum venenatis,5,2022-06-13
926,elementum ligula vehicula consequat morbi a,4,2022-10-13
927,nulla pede ullamcorper augue a,7,2022-06-06
928,accumsan tortor quis turpis sed,3,2022-04-16
929,quam a odio in hac,7,2022-10-31
930,velit id pretium iaculis diam erat,5,2022-01-22
931,quam pharetra magna ac consequat,5,2022-03-18
932,mauris lacinia sapien quis libero,3,2022-09-20
933,in hac habitasse platea dictumst,7,2022-09-02
934,augue vel accumsan tellus nisi,1,2022-05-08
935,nisl aenean lectus pellentesque eget nunc,4,2022-02-15
936,natoque penatibus et magnis dis,6,2022-05-29
937,donec semper sapien a libero nam,2,2022-10-13
938,gravida nisi at nibh in hac,1,2022-01-01
939,nunc proin at turpis a,7,2022-01-14
940,posuere felis sed lacus morbi,3,2022-07-12
941,neque libero convallis eget eleifend,5,2022-10-24
942,volutpat quam pede lobortis ligula sit,2,2022-07-29
943,nec nisi vulputate nonummy maecenas tincidunt,5,2022-10-30
944,blandit nam nulla integer pede,2,2022-03-02
945,fusce posuere felis sed lacus,7,2022-05-23
946,elementum pellentesque quisque porta volutpat,7,2022-05-23
947,vitae consectetuer eget rutrum at lorem,2,2021-12-26
948,nulla eget eros elementum pellentesque,5,2022-01-22
949,id turpis integer aliquet massa id,5,2022-07-22
950,sagittis nam congue risus semper porta,5,2022-08-10
951,id pretium iaculis diam erat fermentum,5,2022-03-06
952,semper porta volutpat quam pede lobortis,3,2022-07-08
953,integer pede justo lacinia eget,3,2022-03-16
954,condimentum id luctus nec molestie sed,7,2022-05-11
955,duis aliquam convallis nunc proin at,2,2022-04-24
956,ut erat curabitur gravida nisi,7,2021-12-18
957,duis ac nibh fusce lacus purus,7,2022-05-01
958,venenatis non sodales sed tincidunt,3,2022-08-10
959,amet sem fusce consequat nulla,1,2021-12-09
960,rhoncus sed vestibulum sit amet cursus,6,2022-10-02
961,pede justo eu massa donec dapibus,5,2022-07-01
962,rutrum nulla nunc purus phasellus,3,2022-08-21
963,potenti cras in purus eu magna,2,2022-08-16
964,mattis egestas metus aenean fermentum,5,2022-03-04
965,mi in porttitor pede justo,7,2022-02-24
966,dolor morbi vel lectus in quam,6,2022-07-16
967,consequat ut nulla sed accumsan felis,4,2022-08-22
968,luctus rutrum nulla tellus in,3,2022-02-22
969,magna ac consequat metus sapien,7,2022-09-15
970,ac diam cras pellentesque volutpat,4,2022-07-15
971,consequat morbi a ipsum integer,4,2022-01-07
972,elementum pellentesque quisque porta volutpat,1,2022-05-19
973,praesent blandit nam nulla integer pede,4,2021-11-01
974,nullam porttitor lacus at turpis donec,7,2022-09-07
975,augue vestibulum rutrum rutrum neque aenean,6,2022-07-11
976,in faucibus orci luctus et,6,2022-04-26
977,odio porttitor id consequat in consequat,6,2022-05-19
978,venenatis tristique fusce congue diam,6,2021-11-27
979,nullam sit amet turpis elementum ligula,6,2021-11-28
980,laoreet ut rhoncus aliquet pulvinar,5,2022-06-23
981,suspendisse potenti nullam porttitor lacus,3,2022-06-20
982,ultrices posuere cubilia curae duis faucibus,5,2022-02-17
983,ut massa quis augue luctus tincidunt,2,2022-10-06
984,ipsum dolor sit amet consectetuer,2,2022-03-13
985,vestibulum eget vulputate ut ultrices vel,4,2021-11-21
986,ac lobortis vel dapibus at,2,2021-11-12
987,montes nascetur ridiculus mus vivamus,1,2022-02-18
988,fusce consequat nulla nisl nunc nisl,7,2022-05-12
989,aliquam non mauris morbi non,7,2021-11-05
990,eget tincidunt eget tempus vel,2,2022-01-23
991,non mi integer ac neque duis,1,2022-08-13
992,neque sapien placerat ante nulla,7,2022-10-18
993,id lobortis convallis tortor risus,7,2022-02-18
994,in blandit ultrices enim lorem ipsum,6,2022-08-01
995,donec posuere metus vitae ipsum aliquam,6,2021-12-09
996,lorem integer tincidunt ante vel ipsum,7,2022-02-05
997,ut erat curabitur gravida nisi,6,2022-07-17
998,ultrices libero non mattis pulvinar,2,2021-11-09
999,in blandit ultrices enim lorem,3,2022-03-17
1000,quis justo maecenas rhoncus aliquam,4,2022-05-23
